-- =====================================================================
-- Generated from: C:\Users\furka\Downloads\Transactions-Grid view (10).csv
-- 313 transactions, 20 categories, 8 payment types
-- Run in Supabase Dashboard → SQL Editor.
-- =====================================================================

begin;

-- Categories
insert into public.categories (name, type) values ('Faturalar', 'expense') on conflict (name, type) do nothing;
insert into public.categories (name, type) values ('Çalışan Giderleri', 'expense') on conflict (name, type) do nothing;
insert into public.categories (name, type) values ('Ofis Giderleri', 'expense') on conflict (name, type) do nothing;
insert into public.categories (name, type) values ('Yazılım Hizmetleri', 'expense') on conflict (name, type) do nothing;
insert into public.categories (name, type) values ('Sunucu & Hosting', 'expense') on conflict (name, type) do nothing;
insert into public.categories (name, type) values ('Fatih Karakaş', 'expense') on conflict (name, type) do nothing;
insert into public.categories (name, type) values ('Kira Giderleri', 'expense') on conflict (name, type) do nothing;
insert into public.categories (name, type) values ('Diğer', 'expense') on conflict (name, type) do nothing;
insert into public.categories (name, type) values ('LgNet', 'income') on conflict (name, type) do nothing;
insert into public.categories (name, type) values ('Logic Group AG', 'income') on conflict (name, type) do nothing;
insert into public.categories (name, type) values ('Vergi', 'expense') on conflict (name, type) do nothing;
insert into public.categories (name, type) values ('SGK', 'expense') on conflict (name, type) do nothing;
insert into public.categories (name, type) values ('Taksitler', 'expense') on conflict (name, type) do nothing;
insert into public.categories (name, type) values ('Telekom Giderleri', 'expense') on conflict (name, type) do nothing;
insert into public.categories (name, type) values ('Demirbaş', 'expense') on conflict (name, type) do nothing;
insert into public.categories (name, type) values ('Muhasebe Masrafları', 'expense') on conflict (name, type) do nothing;
insert into public.categories (name, type) values ('Ofis Giderleri', 'income') on conflict (name, type) do nothing;
insert into public.categories (name, type) values ('Seyehat Masrafları', 'expense') on conflict (name, type) do nothing;
insert into public.categories (name, type) values ('Misafir Masrafları', 'expense') on conflict (name, type) do nothing;
insert into public.categories (name, type) values ('Avukat Masrafları', 'expense') on conflict (name, type) do nothing;

-- Payment types
insert into public.payment_types (name) values ('Kuveyttürk - Kredi Kartı') on conflict (name) do nothing;
insert into public.payment_types (name) values ('Kuveyttürk - Banka Kartı') on conflict (name) do nothing;
insert into public.payment_types (name) values ('Furkan Karakaş') on conflict (name) do nothing;
insert into public.payment_types (name) values ('Fatih Karakaş') on conflict (name) do nothing;
insert into public.payment_types (name) values ('Gökşin Usta') on conflict (name) do nothing;
insert into public.payment_types (name) values ('Arif Can') on conflict (name) do nothing;
insert into public.payment_types (name) values ('Onur Kazan') on conflict (name) do nothing;
insert into public.payment_types (name) values ('Erdinç') on conflict (name) do nothing;

-- Transactions
insert into public.transactions (type, date, amount, category, payment_type, description) values
  ('expense', '2026-01-01', 1095, 'Faturalar', 'Kuveyttürk - Kredi Kartı', 'Elektrik Faturası'),
  ('expense', '2026-01-01', 45000, 'Çalışan Giderleri', 'Kuveyttürk - Banka Kartı', '2025 Aralık ayı maaş Gökşin'),
  ('expense', '2026-01-01', 50000, 'Çalışan Giderleri', 'Kuveyttürk - Banka Kartı', '2025 Aralık ayı maaş Şaban'),
  ('expense', '2026-01-01', 45000, 'Çalışan Giderleri', 'Kuveyttürk - Banka Kartı', '2025 Aralık ayı maaş Furkan'),
  ('expense', '2026-01-01', 90000, 'Çalışan Giderleri', 'Kuveyttürk - Banka Kartı', '2025 Aralık ayı Onur maaş'),
  ('expense', '2026-01-02', 237, 'Ofis Giderleri', 'Furkan Karakaş', 'Mutfak malzemeleri'),
  ('expense', '2026-01-02', 242400, 'Yazılım Hizmetleri', 'Kuveyttürk - Banka Kartı', 'Yazılım Danışmanlık Bedeli - Nebhen'),
  ('expense', '2026-01-02', 49000, 'Çalışan Giderleri', 'Kuveyttürk - Kredi Kartı', 'Multinet'),
  ('expense', '2026-01-02', 204.23, 'Sunucu & Hosting', 'Kuveyttürk - Kredi Kartı', 'AWS Amazon'),
  ('expense', '2026-01-02', 28000, 'Fatih Karakaş', 'Kuveyttürk - Banka Kartı', 'Para Transferi'),
  ('expense', '2026-01-02', 195000, 'Fatih Karakaş', 'Kuveyttürk - Banka Kartı', 'Para Transferi'),
  ('expense', '2026-01-04', 9000, 'Ofis Giderleri', 'Fatih Karakaş', 'Ofis Temizliği'),
  ('expense', '2026-01-04', 862.47, 'Yazılım Hizmetleri', 'Kuveyttürk - Kredi Kartı', 'ChatGpt'),
  ('expense', '2026-01-05', 909, 'Ofis Giderleri', 'Furkan Karakaş', 'Temizlik Malzemeleri'),
  ('expense', '2026-01-05', 410, 'Ofis Giderleri', 'Furkan Karakaş', 'Temizlik Malzemeleri'),
  ('expense', '2026-01-07', 50000, 'Fatih Karakaş', 'Kuveyttürk - Banka Kartı', 'Para Transferi'),
  ('expense', '2026-01-08', 795, 'Ofis Giderleri', 'Fatih Karakaş', 'Su ve pompa'),
  ('expense', '2026-01-08', 940, 'Ofis Giderleri', 'Furkan Karakaş', '2adet Wc çöp kovası ve vileda'),
  ('expense', '2026-01-08', 898.7, 'Ofis Giderleri', 'Kuveyttürk - Kredi Kartı', 'Kapı Paspası'),
  ('expense', '2026-01-08', 2113, 'Ofis Giderleri', 'Kuveyttürk - Kredi Kartı', 'Ledli sarkıt avize'),
  ('expense', '2026-01-08', 1999, 'Ofis Giderleri', 'Kuveyttürk - Kredi Kartı', 'Yuvarlak Tavan avizesi'),
  ('expense', '2026-01-08', 580, 'Ofis Giderleri', 'Kuveyttürk - Kredi Kartı', 'Kablo kanalı'),
  ('expense', '2026-01-08', 189.9, 'Ofis Giderleri', 'Kuveyttürk - Kredi Kartı', 'Saklama kabı'),
  ('expense', '2026-01-08', 5831, 'Ofis Giderleri', 'Kuveyttürk - Kredi Kartı', 'Hepsiburada'),
  ('expense', '2026-01-09', 30676.5, 'Kira Giderleri', 'Kuveyttürk - Banka Kartı', 'FYI Ocak 2025 Kira'),
  ('expense', '2026-01-09', 2217.6, 'Sunucu & Hosting', 'Kuveyttürk - Kredi Kartı', 'Veridyen - Yıllık Ödeme'),
  ('expense', '2026-01-09', 480, 'Çalışan Giderleri', 'Kuveyttürk - Banka Kartı', 'Taksi masrafı'),
  ('expense', '2026-01-09', 150000, 'Fatih Karakaş', 'Kuveyttürk - Banka Kartı', 'Para Transferi'),
  ('expense', '2026-01-11', 28952.99, 'Sunucu & Hosting', 'Kuveyttürk - Kredi Kartı', 'Hetzner'),
  ('expense', '2026-01-11', 14175.66, 'Ofis Giderleri', 'Kuveyttürk - Kredi Kartı', 'Hepsiburada 42.527 TL işlemin 3/3 taksidi'),
  ('expense', '2026-01-12', 879.9, 'Ofis Giderleri', 'Kuveyttürk - Kredi Kartı', 'Çatal&Kaşık&Bıçak Takımı'),
  ('expense', '2026-01-12', 210, 'Ofis Giderleri', 'Kuveyttürk - Kredi Kartı', 'Çay Bardağı Takımı'),
  ('expense', '2026-01-14', 400, 'Ofis Giderleri', 'Fatih Karakaş', 'Kombi Arıza'),
  ('expense', '2026-01-15', 100000, 'Kira Giderleri', 'Kuveyttürk - Banka Kartı', 'Ressan Kırgül Kira'),
  ('expense', '2026-01-15', 720, 'Ofis Giderleri', 'Kuveyttürk - Kredi Kartı', 'Anahtar Çoğaltma'),
  ('expense', '2026-01-15', 2500, 'Ofis Giderleri', 'Kuveyttürk - Kredi Kartı', 'Filtre Kahve + Çekirdek Kahve'),
  ('expense', '2026-01-15', 476.72, 'Yazılım Hizmetleri', 'Kuveyttürk - Kredi Kartı', 'ELEVENLABS'),
  ('expense', '2026-01-15', 4816.33, 'Ofis Giderleri', 'Kuveyttürk - Kredi Kartı', 'Hepsiburada 14.449 TL işlemin 2/3 taksidi'),
  ('expense', '2026-01-15', 3022.35, 'Sunucu & Hosting', 'Kuveyttürk - Kredi Kartı', 'GoDaddy'),
  ('expense', '2026-01-15', 433.38, 'Yazılım Hizmetleri', 'Kuveyttürk - Kredi Kartı', 'Vapi'),
  ('expense', '2026-01-15', 11828, 'Diğer', 'Fatih Karakaş', 'Baykar Toyota - Bakım'),
  ('expense', '2026-01-15', 2255, 'Diğer', 'Fatih Karakaş', 'Baykar Toyota - Yol Hizmet'),
  ('income', '2026-01-16', 110037.72, 'LgNet', NULL, '2025 Kasım Ödemesi - 2116,11'),
  ('expense', '2026-01-16', 290, 'Ofis Giderleri', 'Furkan Karakaş', 'Damacana Su'),
  ('expense', '2026-01-16', 1302.91, 'Sunucu & Hosting', 'Kuveyttürk - Kredi Kartı', '2 Yıllık Proxall.com domain'),
  ('expense', '2026-01-16', 3682, 'Ofis Giderleri', 'Kuveyttürk - Kredi Kartı', 'Logitech Nebhen Mouse'),
  ('expense', '2026-01-16', 3908.73, 'Sunucu & Hosting', 'Kuveyttürk - Kredi Kartı', '2 Yıllık proxcall.com - proxvoice - proxesign Domain'),
  ('expense', '2026-01-17', 8765.36, 'Ofis Giderleri', 'Kuveyttürk - Kredi Kartı', 'Hepsiburada 26.296 TL işlemin 2/3 taksidi'),
  ('expense', '2026-01-17', 2177.03, 'Ofis Giderleri', 'Kuveyttürk - Kredi Kartı', 'Hepsiburada 6.531 TL işlemin 2/3 taksidi'),
  ('income', '2026-01-18', 2369127.19, 'Logic Group AG', NULL, 'Yazılım Hizmet Bedeli'),
  ('expense', '2026-01-18', 665, 'Vergi', 'Kuveyttürk - Kredi Kartı', 'Kozyatağı Vergi Dairesi'),
  ('expense', '2026-01-19', 374.5, 'Ofis Giderleri', 'Kuveyttürk - Kredi Kartı', 'Bim Alışveriş'),
  ('expense', '2026-01-19', 683.05, 'Vergi', 'Kuveyttürk - Kredi Kartı', 'Kozyatağı Vergi Dairesi'),
  ('expense', '2026-01-19', 1288, 'Faturalar', 'Kuveyttürk - Kredi Kartı', 'İgdaş'),
  ('expense', '2026-01-20', 869.28, 'Yazılım Hizmetleri', 'Kuveyttürk - Kredi Kartı', 'Cursor'),
  ('expense', '2026-01-21', 350, 'Ofis Giderleri', 'Kuveyttürk - Kredi Kartı', 'Damacana Su'),
  ('expense', '2026-01-22', 352, 'Ofis Giderleri', 'Kuveyttürk - Kredi Kartı', 'Bim Alışveriş'),
  ('expense', '2026-01-22', 420, 'Ofis Giderleri', 'Gökşin Usta', 'Bim Alışveriş'),
  ('expense', '2026-01-23', 142.25, 'Ofis Giderleri', 'Kuveyttürk - Kredi Kartı', 'Bim Alışveriş'),
  ('expense', '2026-01-23', 1750, 'Ofis Giderleri', 'Kuveyttürk - Kredi Kartı', 'Nebhen Mouse * 3 Taksit'),
  ('expense', '2026-01-23', 434.57, 'Yazılım Hizmetleri', 'Kuveyttürk - Kredi Kartı', 'Vapi'),
  ('expense', '2026-01-23', 583.34, 'Ofis Giderleri', 'Kuveyttürk - Kredi Kartı', 'Paycell / Trendyol 1750 TL 1/3 Taksit'),
  ('expense', '2026-01-25', 652.87, 'Yazılım Hizmetleri', 'Kuveyttürk - Kredi Kartı', 'Paddle'),
  ('expense', '2026-01-26', 49500, 'Çalışan Giderleri', 'Kuveyttürk - Kredi Kartı', 'Multisport'),
  ('expense', '2026-01-26', 1789.69, 'Çalışan Giderleri', 'Kuveyttürk - Kredi Kartı', 'Erdinç Çiçek-Tatlı'),
  ('expense', '2026-01-26', 3647, 'Faturalar', 'Kuveyttürk - Kredi Kartı', 'İgdaş'),
  ('expense', '2026-01-26', 41240.69, 'Vergi', 'Kuveyttürk - Kredi Kartı', 'Kozyatağı Vergi Dairesi'),
  ('expense', '2026-01-26', 92958.23, 'Vergi', 'Kuveyttürk - Kredi Kartı', 'Kozyatağı Vergi Dairesi'),
  ('expense', '2026-01-26', 100000, 'Fatih Karakaş', 'Kuveyttürk - Banka Kartı', 'Para Transferi'),
  ('expense', '2026-01-28', 791, 'Vergi', 'Kuveyttürk - Kredi Kartı', 'Kozyatağı Vergi Dairesi'),
  ('expense', '2026-01-29', 4476.72, 'Ofis Giderleri', 'Kuveyttürk - Kredi Kartı', 'Hepsiburada 13.430.16 TL işlemin 3/3 taksidi'),
  ('expense', '2026-01-30', 3541.84, 'Vergi', 'Kuveyttürk - Kredi Kartı', 'Nakil Vasıtaları 10625.50TL 1/3 Taksit'),
  ('expense', '2026-01-30', 2004.68, 'Vergi', 'Kuveyttürk - Kredi Kartı', 'Nakil Vasıtaları 6014TL 1/3 Taksit'),
  ('expense', '2026-01-30', 7736.63, 'SGK', 'Kuveyttürk - Kredi Kartı', 'Cari Dönem Prim Kendi Nam ve Hesabına Çalışma'),
  ('expense', '2026-01-30', 98254.78, 'SGK', 'Kuveyttürk - Kredi Kartı', 'Cari Dönem Prim İşveren (SSK)'),
  ('expense', '2026-01-31', 350, 'Ofis Giderleri', 'Kuveyttürk - Kredi Kartı', '2 Tane Damacana Su'),
  ('expense', '2026-02-01', 120000, 'Çalışan Giderleri', 'Kuveyttürk - Banka Kartı', 'Onur Kazan Ocak Maaş + Prim'),
  ('expense', '2026-02-01', 65000, 'Çalışan Giderleri', 'Kuveyttürk - Banka Kartı', 'Gökşin Usta Ocak Maaş + Prim'),
  ('expense', '2026-02-01', 65000, 'Çalışan Giderleri', 'Kuveyttürk - Banka Kartı', 'Şaban Baş Ocak Maaş + Prim'),
  ('expense', '2026-02-01', 65000, 'Çalışan Giderleri', 'Kuveyttürk - Banka Kartı', 'Furkan Karakaş Ocak Maaş + Prim'),
  ('expense', '2026-02-01', 75000, 'Çalışan Giderleri', 'Kuveyttürk - Banka Kartı', 'Erdinç Atay Ocak Maaş + Prim'),
  ('expense', '2026-02-01', 60000, 'Çalışan Giderleri', 'Kuveyttürk - Banka Kartı', 'Ali Yurdunol Ocak Maaş + Prim'),
  ('expense', '2026-02-01', 14400, 'Diğer', NULL, 'FYI- Ofis Boya Ücreti'),
  ('expense', '2026-02-01', 4816.33, 'Taksitler', 'Kuveyttürk - Kredi Kartı', 'Hepsiburada'),
  ('expense', '2026-02-01', 8765.36, 'Taksitler', 'Kuveyttürk - Kredi Kartı', 'Hepsiburada'),
  ('expense', '2026-02-01', 2177.03, 'Taksitler', 'Kuveyttürk - Kredi Kartı', 'Hepsiburada'),
  ('expense', '2026-02-01', 4476.72, 'Taksitler', 'Kuveyttürk - Kredi Kartı', 'Hepsiburada'),
  ('expense', '2026-02-01', 583.33, 'Telekom Giderleri', 'Kuveyttürk - Kredi Kartı', 'Paycell'),
  ('expense', '2026-02-01', 3541.83, 'Vergi', 'Kuveyttürk - Kredi Kartı', 'Nakil Vasıtaları'),
  ('expense', '2026-02-01', 2004.66, 'Vergi', 'Kuveyttürk - Kredi Kartı', 'Nakil Vasıtaları'),
  ('expense', '2026-02-02', 49000, 'Çalışan Giderleri', 'Kuveyttürk - Kredi Kartı', 'Multinet 7 Personel'),
  ('expense', '2026-02-02', 5000, 'Diğer', 'Fatih Karakaş', 'İcra'),
  ('expense', '2026-02-02', 1095, 'Faturalar', 'Kuveyttürk - Banka Kartı', 'EnerjiSA'),
  ('expense', '2026-02-02', 250000, 'Fatih Karakaş', 'Kuveyttürk - Banka Kartı', 'Fatih Karakaş'),
  ('expense', '2026-02-02', 436.76, 'Yazılım Hizmetleri', 'Kuveyttürk - Kredi Kartı', 'Vapi'),
  ('expense', '2026-02-02', 238.33, 'Sunucu & Hosting', 'Kuveyttürk - Kredi Kartı', 'AWS Amazon'),
  ('expense', '2026-02-02', 873.77, 'Yazılım Hizmetleri', 'Kuveyttürk - Kredi Kartı', 'Chatgpt'),
  ('expense', '2026-02-03', 263, 'Ofis Giderleri', 'Furkan Karakaş', 'Çamaşır suyu 4 tane'),
  ('expense', '2026-02-04', 100000, 'Fatih Karakaş', 'Kuveyttürk - Banka Kartı', 'Fatih Karakaş'),
  ('expense', '2026-02-04', 29635.66, 'Sunucu & Hosting', 'Kuveyttürk - Kredi Kartı', 'Hetzner');

insert into public.transactions (type, date, amount, category, payment_type, description) values
  ('expense', '2026-02-04', 239.98, 'Faturalar', 'Kuveyttürk - Kredi Kartı', 'BT Telekom'),
  ('expense', '2026-02-05', 3647, 'Faturalar', 'Kuveyttürk - Kredi Kartı', 'İgdaş'),
  ('expense', '2026-02-05', 1669.22, 'Faturalar', 'Kuveyttürk - Kredi Kartı', 'İski'),
  ('expense', '2026-02-05', 1384.9, 'Faturalar', 'Kuveyttürk - Kredi Kartı', 'İski'),
  ('expense', '2026-02-05', 4292.88, 'Faturalar', 'Kuveyttürk - Kredi Kartı', 'İski'),
  ('expense', '2026-02-06', 18588.03, 'Demirbaş', 'Kuveyttürk - Kredi Kartı', 'Macbook air 1/3 Taksidi'),
  ('expense', '2026-02-06', 18588.03, 'Demirbaş', 'Kuveyttürk - Kredi Kartı', 'Macbook air 1/3 Taksidi'),
  ('expense', '2026-02-09', 9558, 'Yazılım Hizmetleri', 'Fatih Karakaş', 'Logo İşbaşı Yıllık Bedel'),
  ('expense', '2026-02-09', 116400, 'Çalışan Giderleri', 'Kuveyttürk - Banka Kartı', 'Nebhen Yazılım Hizmetleri'),
  ('expense', '2026-02-10', 695, 'Ofis Giderleri', 'Kuveyttürk - Kredi Kartı', 'Zeysa Gıda'),
  ('expense', '2026-02-11', 730.5, 'Ofis Giderleri', 'Furkan Karakaş', 'Bim - Kağıt wc havlu'),
  ('expense', '2026-02-11', 856.78, 'Ofis Giderleri', 'Kuveyttürk - Kredi Kartı', 'Duvara Yapışan Not Kağıdı 1/3 Taksit'),
  ('expense', '2026-02-11', 438.23, 'Yazılım Hizmetleri', 'Kuveyttürk - Kredi Kartı', 'Vapi'),
  ('expense', '2026-02-11', 321, 'Ofis Giderleri', 'Kuveyttürk - Kredi Kartı', 'Bim'),
  ('expense', '2026-02-12', 18750, 'Kira Giderleri', 'Kuveyttürk - Banka Kartı', 'Ofis Aidat - Aralık 15 +Ocak + Şubat ayı'),
  ('expense', '2026-02-12', 438.29, 'Yazılım Hizmetleri', 'Kuveyttürk - Kredi Kartı', 'Vapi'),
  ('expense', '2026-02-12', 438, 'Yazılım Hizmetleri', 'Kuveyttürk - Kredi Kartı', 'Vapi'),
  ('expense', '2026-02-12', 75, 'Telekom Giderleri', 'Kuveyttürk - Kredi Kartı', 'Paycell'),
  ('expense', '2026-02-16', 400, 'Ofis Giderleri', 'Furkan Karakaş', 'Temizlikçi Yemek Ücreti'),
  ('expense', '2026-02-16', 6000, 'Ofis Giderleri', 'Fatih Karakaş', 'Temizlik Ücreti'),
  ('expense', '2026-02-16', 18000, 'Muhasebe Masrafları', 'Kuveyttürk - Banka Kartı', 'Muhasebe Bedeli'),
  ('expense', '2026-02-17', 445.9, 'Ofis Giderleri', 'Kuveyttürk - Kredi Kartı', 'Kabinet - 3 Taksit toplam ₺1337.70'),
  ('expense', '2026-02-17', 439.14, 'Yazılım Hizmetleri', 'Kuveyttürk - Kredi Kartı', 'Vapi'),
  ('expense', '2026-02-18', 1698, 'Ofis Giderleri', 'Fatih Karakaş', 'Ofise Baklava'),
  ('expense', '2026-02-18', 4500, 'Telekom Giderleri', 'Kuveyttürk - Banka Kartı', 'Sigma İletişim'),
  ('expense', '2026-02-18', 100000, 'Kira Giderleri', 'Kuveyttürk - Banka Kartı', 'Ressan Kırgül Kira'),
  ('income', '2026-02-19', 102400, 'Ofis Giderleri', 'Kuveyttürk - Banka Kartı', 'FYI Depozito'),
  ('expense', '2026-02-20', 840, 'Ofis Giderleri', 'Kuveyttürk - Banka Kartı', 'Notebook Yedek Parça'),
  ('expense', '2026-02-20', 100000, 'Fatih Karakaş', 'Kuveyttürk - Banka Kartı', 'Fatih Karakaş'),
  ('expense', '2026-02-20', 878.92, 'Yazılım Hizmetleri', 'Kuveyttürk - Kredi Kartı', 'Cursor'),
  ('expense', '2026-02-23', 19921, 'Vergi', 'Kuveyttürk - Kredi Kartı', 'ITO Aidat 2025-2026'),
  ('expense', '2026-02-24', 2901, 'Faturalar', 'Kuveyttürk - Kredi Kartı', 'İgdaş'),
  ('expense', '2026-02-25', 201000, 'SGK', 'Kuveyttürk - Kredi Kartı', 'SSK'),
  ('expense', '2026-02-25', 89660.57, 'Vergi', 'Kuveyttürk - Kredi Kartı', 'Kozyatağı Vergi Dairesi'),
  ('expense', '2026-02-25', 7327, 'Vergi', 'Kuveyttürk - Kredi Kartı', 'Kozyatağı Vergi Dairesi'),
  ('expense', '2026-02-25', 66743.48, 'Vergi', 'Kuveyttürk - Kredi Kartı', 'Kozyatağı Vergi Dairesi'),
  ('expense', '2026-02-27', 600, 'Diğer', 'Furkan Karakaş', 'Noter (Adres Değişikliği)'),
  ('expense', '2026-02-27', 792.67, 'Yazılım Hizmetleri', 'Kuveyttürk - Kredi Kartı', 'Paddle'),
  ('income', '2026-02-27', 1901245.19, 'Logic Group AG', NULL, 'Logic Group AG'),
  ('expense', '2026-02-28', 223, 'Sunucu & Hosting', 'Kuveyttürk - Kredi Kartı', 'AWS'),
  ('expense', '2026-02-28', 405.6, 'Faturalar', 'Kuveyttürk - Kredi Kartı', 'BT Telekom'),
  ('expense', '2026-02-28', 1243.75, 'Faturalar', 'Kuveyttürk - Kredi Kartı', 'Türk Telekom'),
  ('expense', '2026-03-01', 110000, 'Çalışan Giderleri', 'Kuveyttürk - Banka Kartı', 'Şubat Ayı Onur Maaş'),
  ('expense', '2026-03-01', 55000, 'Çalışan Giderleri', 'Kuveyttürk - Banka Kartı', 'Şubat Ayı Gökşin Maaş'),
  ('expense', '2026-03-01', 55000, 'Çalışan Giderleri', 'Kuveyttürk - Banka Kartı', 'Şubat Ayı Şaban Maaş'),
  ('expense', '2026-03-01', 55000, 'Çalışan Giderleri', 'Kuveyttürk - Banka Kartı', 'Şubat Ayı Furkan Maaş'),
  ('expense', '2026-03-01', 65000, 'Çalışan Giderleri', 'Kuveyttürk - Banka Kartı', 'Şubat Ayı Erdinç Maaş'),
  ('expense', '2026-03-01', 50000, 'Çalışan Giderleri', 'Kuveyttürk - Banka Kartı', 'Şubat Ayı Ali Maaş'),
  ('expense', '2026-03-01', 22992.23, 'Çalışan Giderleri', 'Kuveyttürk - Banka Kartı', 'Şubat Ayı Arif Maaş'),
  ('expense', '2026-03-02', 70000, 'Çalışan Giderleri', 'Kuveyttürk - Kredi Kartı', 'Multinet 7 Kişi'),
  ('expense', '2026-03-02', 250000, 'Fatih Karakaş', 'Kuveyttürk - Banka Kartı', 'Fatih Karakaş'),
  ('expense', '2026-03-02', 201068.43, 'SGK', 'Kuveyttürk - Banka Kartı', 'SSK İş Prim'),
  ('expense', '2026-03-02', 10156.73, 'Vergi', 'Kuveyttürk - Banka Kartı', 'Cari Dönem Prim Kendi Nam ve Hesabına Çalışma'),
  ('expense', '2026-03-02', 342.22, 'Yazılım Hizmetleri', 'Kuveyttürk - Kredi Kartı', 'Github'),
  ('expense', '2026-03-02', 223, 'Sunucu & Hosting', 'Kuveyttürk - Kredi Kartı', 'AWS Amazon'),
  ('expense', '2026-03-02', 4450.36, 'Faturalar', 'Kuveyttürk - Kredi Kartı', 'EnerjiSa'),
  ('expense', '2026-03-02', 1236.75, 'Faturalar', 'Kuveyttürk - Kredi Kartı', 'Türk Telekom İnternet'),
  ('expense', '2026-03-03', 4450.36, 'Faturalar', 'Kuveyttürk - Banka Kartı', 'Elektrik Faturası'),
  ('expense', '2026-03-03', 411.4, 'Telekom Giderleri', 'Kuveyttürk - Kredi Kartı', 'İstanbul Telekom'),
  ('expense', '2026-03-04', 10000, 'Çalışan Giderleri', 'Kuveyttürk - Kredi Kartı', 'Nebhen Multinet'),
  ('expense', '2026-03-04', 882.89, 'Yazılım Hizmetleri', 'Kuveyttürk - Kredi Kartı', 'ChatGpt'),
  ('expense', '2026-03-04', 29662.51, 'Sunucu & Hosting', 'Kuveyttürk - Kredi Kartı', 'Hetzner'),
  ('expense', '2026-03-05', 13200, 'Çalışan Giderleri', 'Kuveyttürk - Kredi Kartı', 'Multinet'),
  ('expense', '2026-03-05', 104400, 'Çalışan Giderleri', 'Kuveyttürk - Kredi Kartı', 'Yazılım Bedeli - Nebhen'),
  ('expense', '2026-03-06', 2901, 'Faturalar', 'Kuveyttürk - Kredi Kartı', 'İgdaş'),
  ('expense', '2026-03-06', 1437, 'Faturalar', 'Kuveyttürk - Kredi Kartı', 'İski'),
  ('expense', '2026-03-06', 1669.24, 'Faturalar', 'Kuveyttürk - Kredi Kartı', 'İski'),
  ('expense', '2026-03-06', 640.76, 'Faturalar', 'Kuveyttürk - Kredi Kartı', 'İski'),
  ('expense', '2026-03-07', 18588.01, 'Demirbaş', 'Kuveyttürk - Kredi Kartı', 'Vatan Bilgisayar Macebook 55.764,05 2/3 Taksit'),
  ('expense', '2026-03-07', 18588.01, 'Demirbaş', 'Kuveyttürk - Kredi Kartı', 'Vatan Bilgisayar Macebook 55.764,05 2/3 Taksit'),
  ('expense', '2026-03-08', 6699, 'Seyehat Masrafları', 'Kuveyttürk - Kredi Kartı', 'Fatih Karakaş - İsviçre'),
  ('expense', '2026-03-09', 50000, 'Fatih Karakaş', NULL, NULL),
  ('expense', '2026-03-10', 761.21, 'Sunucu & Hosting', 'Kuveyttürk - Kredi Kartı', 'Voip'),
  ('expense', '2026-03-11', 856.77, 'Ofis Giderleri', 'Kuveyttürk - Kredi Kartı', 'Hepsiburada 2507,32 2/3 Taksit'),
  ('expense', '2026-03-12', 132.88, 'Yazılım Hizmetleri', 'Kuveyttürk - Kredi Kartı', 'Paddle'),
  ('expense', '2026-03-15', 75, 'Ofis Giderleri', 'Kuveyttürk - Kredi Kartı', 'Trendyol'),
  ('expense', '2026-03-16', 1243.75, 'Faturalar', 'Kuveyttürk - Kredi Kartı', 'Türk Telekom İnternet'),
  ('expense', '2026-03-16', 100000, 'Kira Giderleri', 'Kuveyttürk - Banka Kartı', 'Ressan Kırgül Kira'),
  ('expense', '2026-03-17', 16000, 'Çalışan Giderleri', 'Kuveyttürk - Kredi Kartı', 'MultiGift Bayram Harçlığı'),
  ('expense', '2026-03-17', 445.9, 'Ofis Giderleri', 'Kuveyttürk - Kredi Kartı', 'Hepsiburada 1337.70 2/3 Taksit'),
  ('expense', '2026-03-18', 11316.55, 'Muhasebe Masrafları', 'Kuveyttürk - Kredi Kartı', 'Adres Değiştirme Masrafı - Murat Öztürk'),
  ('expense', '2026-03-18', 70000, 'Fatih Karakaş', 'Kuveyttürk - Kredi Kartı', 'Fatih Karakaş'),
  ('expense', '2026-03-19', 9499.7, 'Demirbaş', 'Kuveyttürk - Kredi Kartı', 'Vatan Bilgisayar 56.998 1/6 Taksit'),
  ('expense', '2026-03-20', 887.37, 'Yazılım Hizmetleri', 'Kuveyttürk - Kredi Kartı', 'Cursor'),
  ('expense', '2026-03-20', 7272, 'Seyehat Masrafları', 'Kuveyttürk - Kredi Kartı', 'Pegasus'),
  ('expense', '2026-03-22', 845.99, 'Seyehat Masrafları', 'Arif Can', 'Arif Uçak Bileti Gidiş'),
  ('expense', '2026-03-22', 845.99, 'Seyehat Masrafları', 'Arif Can', 'Arif Uçak Bileti Dönüş'),
  ('expense', '2026-03-23', 583.33, 'Ofis Giderleri', 'Kuveyttürk - Kredi Kartı', 'Trendyol 1750 TL 3/3 Taksit'),
  ('expense', '2026-03-24', 850, 'Ofis Giderleri', 'Kuveyttürk - Kredi Kartı', 'Çaydanlık'),
  ('expense', '2026-03-24', 1187.75, 'Ofis Giderleri', 'Kuveyttürk - Kredi Kartı', 'Bim'),
  ('expense', '2026-03-24', 525, 'Ofis Giderleri', 'Kuveyttürk - Kredi Kartı', 'Su'),
  ('expense', '2026-03-24', 313.99, 'Ofis Giderleri', 'Kuveyttürk - Kredi Kartı', 'Temlikçi ablalara yemek'),
  ('expense', '2026-03-24', 271.5, 'Ofis Giderleri', 'Kuveyttürk - Kredi Kartı', 'Bim'),
  ('expense', '2026-03-24', 7000, 'Ofis Giderleri', 'Fatih Karakaş', 'Temizlik Ücreti'),
  ('expense', '2026-03-24', 40000, 'Çalışan Giderleri', 'Kuveyttürk - Banka Kartı', 'Onur Kazan Avans'),
  ('expense', '2026-03-24', 50000, 'Çalışan Giderleri', 'Kuveyttürk - Banka Kartı', 'Ali Yurdunol Avans'),
  ('expense', '2026-03-25', 2300, 'Ofis Giderleri', 'Kuveyttürk - Kredi Kartı', 'Grill için tüp ve boru'),
  ('expense', '2026-03-25', 326, 'Ofis Giderleri', 'Kuveyttürk - Kredi Kartı', 'Bim'),
  ('expense', '2026-03-25', 990, 'Çalışan Giderleri', 'Onur Kazan', 'Onur Köfte'),
  ('expense', '2026-03-25', 11087.71, 'Seyehat Masrafları', 'Kuveyttürk - Kredi Kartı', 'Priştina Hotel');

insert into public.transactions (type, date, amount, category, payment_type, description) values
  ('expense', '2026-03-25', 250, 'Ofis Giderleri', 'Kuveyttürk - Kredi Kartı', 'Manav'),
  ('expense', '2026-03-26', 81638, 'Vergi', 'Kuveyttürk - Kredi Kartı', '0015 GERÇEK USULDE KATMA DEĞER VERGİSİ'),
  ('expense', '2026-03-26', 7810.47, 'Vergi', 'Kuveyttürk - Kredi Kartı', '4017 KATMA DEĞER VERGİSİ TEVKİFATI'),
  ('expense', '2026-03-26', 71485.19, 'Vergi', 'Kuveyttürk - Kredi Kartı', '0003 GELİR VERGİSİ S. (MUHTASAR)'),
  ('expense', '2026-03-26', 6193.56, 'Seyehat Masrafları', 'Kuveyttürk - Kredi Kartı', 'Priştina Hotel'),
  ('expense', '2026-03-26', 816.38, 'Vergi', 'Kuveyttürk - Kredi Kartı', 'Kozyatağı Vergi Dairesi'),
  ('expense', '2026-03-27', 191, 'Ofis Giderleri', 'Kuveyttürk - Kredi Kartı', 'Bim'),
  ('expense', '2026-03-27', 6000, 'Çalışan Giderleri', 'Onur Kazan', 'Arif Konaklama Ücreti'),
  ('expense', '2026-03-27', 667.83, 'Yazılım Hizmetleri', 'Kuveyttürk - Kredi Kartı', 'Paddle'),
  ('expense', '2026-03-28', 4902.9, 'Seyehat Masrafları', 'Kuveyttürk - Kredi Kartı', 'Priştine Hotel'),
  ('expense', '2026-03-29', 4451, 'Seyehat Masrafları', 'Kuveyttürk - Kredi Kartı', 'Fatih - Kosova Dönüş'),
  ('expense', '2026-03-30', 3541.83, 'Vergi', 'Kuveyttürk - Kredi Kartı', 'Nakil Vasıtaları 10.625 TL 3/3 Taksit'),
  ('expense', '2026-03-30', 2004.66, 'Vergi', 'Kuveyttürk - Kredi Kartı', 'Nakil Vasıtaları 6.014 TL 3/3 Taksit'),
  ('expense', '2026-03-30', 4908, 'Seyehat Masrafları', 'Kuveyttürk - Kredi Kartı', 'Priştina Hotel'),
  ('expense', '2026-04-01', 449.97, 'Çalışan Giderleri', 'Kuveyttürk - Kredi Kartı', 'MousePad 3 Tane'),
  ('expense', '2026-04-01', 4824.08, 'Diğer', 'Kuveyttürk - Kredi Kartı', 'Sigma Telekom'),
  ('expense', '2026-04-01', 90000, 'Çalışan Giderleri', 'Kuveyttürk - Kredi Kartı', 'Multinet 9 Kişi'),
  ('expense', '2026-04-01', 1980, 'Faturalar', 'Kuveyttürk - Kredi Kartı', 'EnerjiSa'),
  ('expense', '2026-04-01', 80000, 'Çalışan Giderleri', 'Kuveyttürk - Banka Kartı', 'Mart Onur Kazan Maaş + 10.000 Prim (40.000TL Avanstan düşülmüştür)'),
  ('expense', '2026-04-01', 65000, 'Çalışan Giderleri', 'Kuveyttürk - Banka Kartı', 'Mart Gökşin Usta Maaş + 10.000 Prim'),
  ('expense', '2026-04-01', 65000, 'Çalışan Giderleri', 'Kuveyttürk - Banka Kartı', 'Mart Furkan Karakaş Maaş + 10.000 Prim'),
  ('expense', '2026-04-01', 65000, 'Çalışan Giderleri', 'Kuveyttürk - Banka Kartı', 'Mart Şaban Baş Maaş + 10.000 Prim'),
  ('expense', '2026-04-01', 90000, 'Çalışan Giderleri', 'Kuveyttürk - Banka Kartı', 'Mart Nebhen Aytaş Maaş + 10.000 Prim'),
  ('expense', '2026-04-01', 65000, 'Çalışan Giderleri', 'Kuveyttürk - Banka Kartı', 'Mart Arif Can Maaş + 10.000 Prim'),
  ('expense', '2026-04-01', 75000, 'Çalışan Giderleri', 'Kuveyttürk - Banka Kartı', 'Mart Erdinç Atay Maaş + 10.000 Prim'),
  ('expense', '2026-04-01', 3357.67, 'Çalışan Giderleri', 'Kuveyttürk - Kredi Kartı', 'Mart Şaban Baş 2 günlük çalışma bedeli'),
  ('expense', '2026-04-01', 44920.8, 'Çalışan Giderleri', 'Kuveyttürk - Banka Kartı', 'Mart Tuğba Karakaş'),
  ('expense', '2026-04-01', 6633.6, 'Yazılım Hizmetleri', 'Kuveyttürk - Kredi Kartı', 'GİTHUB'),
  ('expense', '2026-04-01', 458.5, 'Ofis Giderleri', 'Kuveyttürk - Kredi Kartı', 'Bim'),
  ('expense', '2026-04-02', 2981, 'Misafir Masrafları', 'Kuveyttürk - Kredi Kartı', 'Happy Moons'),
  ('expense', '2026-04-02', 2085, 'Misafir Masrafları', 'Kuveyttürk - Kredi Kartı', 'Happy Moons'),
  ('expense', '2026-04-02', 550, 'Ofis Giderleri', 'Kuveyttürk - Kredi Kartı', 'Su'),
  ('expense', '2026-04-02', 1400, 'Misafir Masrafları', 'Kuveyttürk - Kredi Kartı', 'Baklava'),
  ('expense', '2026-04-02', 65000, 'Fatih Karakaş', 'Kuveyttürk - Banka Kartı', 'Fatih Karakaş'),
  ('expense', '2026-04-02', 166.09, 'Sunucu & Hosting', 'Kuveyttürk - Kredi Kartı', 'AWS Amazon'),
  ('expense', '2026-04-03', 166.09, 'Telekom Giderleri', 'Kuveyttürk - Kredi Kartı', 'İstanbul Telekom'),
  ('expense', '2026-04-03', 118, 'Ofis Giderleri', 'Kuveyttürk - Kredi Kartı', 'Kuruyemiş'),
  ('expense', '2026-04-04', 893.68, 'Yazılım Hizmetleri', 'Kuveyttürk - Kredi Kartı', 'Chatgpt'),
  ('expense', '2026-04-05', 477.5, 'Ofis Giderleri', 'Kuveyttürk - Banka Kartı', 'Bim'),
  ('expense', '2026-04-06', 250000, 'Fatih Karakaş', 'Kuveyttürk - Banka Kartı', NULL),
  ('expense', '2026-04-06', 10156.73, 'Vergi', 'Kuveyttürk - Banka Kartı', 'Kendi nam ve hesabına çalışma'),
  ('expense', '2026-04-06', 192712.75, 'SGK', 'Kuveyttürk - Banka Kartı', 'Cari Dönem İşveren SSK'),
  ('expense', '2026-04-06', 457, 'Faturalar', 'Kuveyttürk - Kredi Kartı', 'İski'),
  ('expense', '2026-04-06', 3750, 'Faturalar', 'Kuveyttürk - Kredi Kartı', 'İgdaş'),
  ('expense', '2026-04-06', 18562.2, 'Vergi', 'Kuveyttürk - Banka Kartı', 'Multisport'),
  ('expense', '2026-04-07', 499, 'Ofis Giderleri', 'Kuveyttürk - Kredi Kartı', 'Barbekü Örtü'),
  ('expense', '2026-04-07', 18588.01, 'Demirbaş', 'Kuveyttürk - Kredi Kartı', 'Vatan Bilgisayar Macebook 55.764,05 3/3 Taksit'),
  ('expense', '2026-04-07', 18588.01, 'Demirbaş', 'Kuveyttürk - Kredi Kartı', 'Vatan Bilgisayar Macebook 55.764,05 3/3 Taksit'),
  ('expense', '2026-04-08', 893.68, 'Sunucu & Hosting', 'Kuveyttürk - Kredi Kartı', 'Claud Pro'),
  ('expense', '2026-04-09', 3141.52, 'Diğer', 'Kuveyttürk - Banka Kartı', 'İstanbul anadolu 2. İcra dairesi'),
  ('expense', '2026-04-09', 9520, 'Seyehat Masrafları', 'Kuveyttürk - Kredi Kartı', 'Avrasya Tüneli Ödeme'),
  ('expense', '2026-04-09', 280, 'Seyehat Masrafları', 'Kuveyttürk - Kredi Kartı', 'Avrasya Tüneli Ödeme'),
  ('expense', '2026-04-09', 194, 'Ofis Giderleri', 'Kuveyttürk - Kredi Kartı', 'Manav'),
  ('expense', '2026-04-09', 96000, 'Diğer', 'Kuveyttürk - Banka Kartı', 'Kurumsal marka çalışması'),
  ('expense', '2026-04-09', 2014.95, 'Yazılım Hizmetleri', 'Kuveyttürk - Kredi Kartı', 'Anthropic'),
  ('expense', '2026-04-09', 116.5, 'Seyehat Masrafları', 'Kuveyttürk - Kredi Kartı', 'Avrasya Tüneli Ödeme'),
  ('expense', '2026-04-10', 237.97, 'Yazılım Hizmetleri', 'Kuveyttürk - Kredi Kartı', 'Shenduqrwea'),
  ('expense', '2026-04-11', 856.78, 'Ofis Giderleri', 'Kuveyttürk - Kredi Kartı', 'Duvara Yapışan Not Kağıdı 3/3 Taksit'),
  ('expense', '2026-04-12', 570, 'Ofis Giderleri', 'Kuveyttürk - Kredi Kartı', 'Su'),
  ('expense', '2026-04-13', 1505, 'Faturalar', 'Kuveyttürk - Kredi Kartı', 'EnerjiSa'),
  ('expense', '2026-04-14', 3786.19, 'Sunucu & Hosting', 'Kuveyttürk - Kredi Kartı', 'Claude'),
  ('expense', '2026-04-15', 75, 'Ofis Giderleri', 'Kuveyttürk - Kredi Kartı', 'Trendyol'),
  ('expense', '2026-04-16', 100000, 'Kira Giderleri', 'Kuveyttürk - Banka Kartı', 'Ressan Kırgül Kira'),
  ('expense', '2026-04-16', 23142.5, 'Kira Giderleri', 'Kuveyttürk - Banka Kartı', 'Ofis Aidat - Şubat''a kadar fark + Mart + Nisan aidat bedeli'),
  ('expense', '2026-04-16', 2566.34, 'Ofis Giderleri', 'Kuveyttürk - Kredi Kartı', 'Yazıcı 1.Taksit'),
  ('expense', '2026-04-16', 1235, 'Faturalar', 'Kuveyttürk - Banka Kartı', 'Türk Telekom İnternet'),
  ('expense', '2026-04-17', 299, 'Ofis Giderleri', 'Kuveyttürk - Kredi Kartı', 'Bim'),
  ('expense', '2026-04-17', 445.9, 'Ofis Giderleri', 'Kuveyttürk - Kredi Kartı', 'Kabinet - 3 Taksit toplam ₺1337.70'),
  ('expense', '2026-04-17', 420, 'Ofis Giderleri', 'Kuveyttürk - Kredi Kartı', 'Elite Home'),
  ('expense', '2026-04-18', 12799, 'Ofis Giderleri', 'Kuveyttürk - Kredi Kartı', 'Medimarkt'),
  ('expense', '2026-04-18', 949, 'Ofis Giderleri', 'Kuveyttürk - Kredi Kartı', 'Bim'),
  ('expense', '2026-04-19', 9499.66, 'Demirbaş', 'Kuveyttürk - Kredi Kartı', 'Vatan Bilgisayar 56.998 2/6 Taksit'),
  ('expense', '2026-04-20', 8000, 'Ofis Giderleri', 'Fatih Karakaş', 'Temizlik Ücreti'),
  ('expense', '2026-04-20', 400, 'Ofis Giderleri', 'Furkan Karakaş', 'Kaşe yenileme'),
  ('expense', '2026-04-20', 30617.08, 'Sunucu & Hosting', 'Kuveyttürk - Kredi Kartı', 'Hetzner'),
  ('expense', '2026-04-20', 901.5, 'Yazılım Hizmetleri', 'Kuveyttürk - Kredi Kartı', 'Cursor'),
  ('expense', '2026-04-21', 3438, 'Misafir Masrafları', 'Kuveyttürk - Kredi Kartı', 'Erol-Selahattin Konaklama'),
  ('expense', '2026-04-21', 206.99, 'Ofis Giderleri', 'Kuveyttürk - Kredi Kartı', 'BES Belge Kargo'),
  ('expense', '2026-04-22', 4775, 'Misafir Masrafları', 'Kuveyttürk - Kredi Kartı', 'Kahvaltı - Erol'),
  ('expense', '2026-04-22', 600, 'Ofis Giderleri', 'Kuveyttürk - Kredi Kartı', 'Su'),
  ('expense', '2026-04-22', 1247, 'Demirbaş', 'Kuveyttürk - Kredi Kartı', 'Macbook Stand'),
  ('expense', '2026-04-22', 6048, 'Misafir Masrafları', 'Kuveyttürk - Kredi Kartı', 'Kavurmacı Efe Kemal'),
  ('expense', '2026-04-23', 239.12, 'Yazılım Hizmetleri', 'Kuveyttürk - Kredi Kartı', 'SHENDUQRWEA'),
  ('expense', '2026-04-23', 250, 'Diğer', 'Kuveyttürk - Kredi Kartı', 'Otopark Ücreti'),
  ('expense', '2026-04-25', 902.33, 'Yazılım Hizmetleri', 'Kuveyttürk - Kredi Kartı', 'ANTHROPIC'),
  ('expense', '2026-04-25', 1353.5, 'Yazılım Hizmetleri', 'Kuveyttürk - Kredi Kartı', 'ANTHROPIC'),
  ('expense', '2026-04-27', 843, 'Ofis Giderleri', 'Kuveyttürk - Kredi Kartı', 'Bim'),
  ('expense', '2026-04-27', 1000, 'Çalışan Giderleri', 'Erdinç', 'Erdinç İstanbul Otobüs'),
  ('expense', '2026-04-27', 678.1, 'Yazılım Hizmetleri', 'Kuveyttürk - Kredi Kartı', 'Paddle'),
  ('expense', '2026-04-27', 198256.09, 'Vergi', 'Kuveyttürk - Kredi Kartı', 'Alemdağ Vergi Dairesi'),
  ('expense', '2026-04-27', 7262.37, 'Vergi', 'Kuveyttürk - Kredi Kartı', 'Alemdağ Vergi Dairesi'),
  ('expense', '2026-04-27', 1000, 'Çalışan Giderleri', 'Kuveyttürk - Kredi Kartı', 'Erdinç İstanbul Otobüs'),
  ('expense', '2026-04-28', 600, 'Ofis Giderleri', 'Kuveyttürk - Kredi Kartı', 'Su'),
  ('expense', '2026-04-28', 452.51, 'Yazılım Hizmetleri', 'Kuveyttürk - Kredi Kartı', 'VAPI'),
  ('expense', '2026-04-28', 791, 'Vergi', 'Kuveyttürk - Kredi Kartı', 'Alemdağ Vergi Dairesi'),
  ('expense', '2026-04-29', 540, 'Yazılım Hizmetleri', 'Kuveyttürk - Kredi Kartı', 'Jetbrains'),
  ('expense', '2026-04-29', 10327, 'Seyehat Masrafları', 'Kuveyttürk - Kredi Kartı', 'Kosova Uçak Bileti'),
  ('expense', '2026-04-30', 261925.03, 'SGK', 'Kuveyttürk - Banka Kartı', 'Cari dönem işveren SSK'),
  ('expense', '2026-05-01', 10000, 'Çalışan Giderleri', 'Kuveyttürk - Banka Kartı', 'Nisan Ali Yurdunol Prim'),
  ('expense', '2026-05-01', 57039, 'Çalışan Giderleri', 'Kuveyttürk - Banka Kartı', 'Nisan Arif Can Maaş');

insert into public.transactions (type, date, amount, category, payment_type, description) values
  ('expense', '2026-05-01', 58336, 'Çalışan Giderleri', 'Kuveyttürk - Banka Kartı', 'Nisan Erdinç Atay Maaş'),
  ('expense', '2026-05-01', 48215, 'Çalışan Giderleri', 'Kuveyttürk - Banka Kartı', 'Nisan Furkan Karakaş Maaş'),
  ('expense', '2026-05-01', 48215, 'Çalışan Giderleri', 'Kuveyttürk - Banka Kartı', 'Nisan Gökşin Usta Maaş'),
  ('expense', '2026-05-01', 95850, 'Çalışan Giderleri', 'Kuveyttürk - Banka Kartı', 'Nisan Onur Kazan Maaş'),
  ('expense', '2026-05-01', 77166, 'Çalışan Giderleri', 'Kuveyttürk - Banka Kartı', 'Nisan Nebhen Aytaş Maaş'),
  ('expense', '2026-05-01', 26558, 'Çalışan Giderleri', 'Kuveyttürk - Banka Kartı', 'Nisan Tuğba KarakaşMaaş'),
  ('expense', '2026-05-01', 49821, 'Çalışan Giderleri', 'Kuveyttürk - Banka Kartı', 'Nisan Ali Yurdunol Maaş'),
  ('expense', '2026-05-04', 21599, 'Ofis Giderleri', 'Kuveyttürk - Kredi Kartı', 'Bahçe Takımı'),
  ('expense', '2026-05-05', 510, 'Ofis Giderleri', 'Kuveyttürk - Kredi Kartı', 'Temizlikçi yemek ücreti'),
  ('expense', '2026-05-05', 56250, 'Avukat Masrafları', 'Kuveyttürk - Banka Kartı', 'Nisan ayı avukat danışmanlık ücreti'),
  ('expense', '2026-05-11', 600, 'Ofis Giderleri', 'Kuveyttürk - Kredi Kartı', 'Damacana Su'),
  ('expense', '2026-05-12', 299, 'Telekom Giderleri', 'Kuveyttürk - Kredi Kartı', 'Foniva sms'),
  ('expense', '2026-05-14', 988, 'Ofis Giderleri', 'Kuveyttürk - Kredi Kartı', 'BİM');

commit;
